,,,,,,,,,,,,,,,,,,,,,,,,,,,,,,,,,,,
,,,,,,,,,,,,,,,,,,,,,,,,,,,,,,,,,,,
,,,,,,,,,,,,,,,,,,,,,,,,,,,,,,,,,,,
,,,,,,,,,,,,,,,,,,,,,,,,,,,,,,,,,,,
,,,,,,,,,,,,,,,,,,,,,,,,,,,,,,,,,,,
,,,,,,,,,,,,,,,,,,,,,,,,,,,,,,,,,,,
General Facility Information,,,,,,Population,,,FY18 ADP: Detention Classification Level,,,,FY18 ADP: Criminality,,,,Staffing,,,Standards Compliance,,,,,,,,,,,,,,,
DETLOC,Name,City,State,AOR,Type,Capacity,Population Count,FY18 ADP,Level A,Level B,Level C,Level D,Male Crim,Male Non-Crim,Female Crim,Female Non-Crim,Medical Provider Onsite?,Provider Type,Facility Operator,Over/Under 72,PBNDS/NDS,Last Inspection Type,Last Inspection Rating - Final,Last Inspection Rating - Recommended,Last Inspection Date,Second to Last Inspection Type,Second to Last Inspection Rating,Second to Last Inspection Date,Next Inspection Date,CY17 Rating,CY16 Rating,CY15 Rating,CY14 Rating,CY13 Rating,CY12 Rating
STWRTGA,STEWART DETENTION CENTER,LUMPKIN,GA,ATL,IGSA,"1,966","1,917","1,802",667,328,341,466,"1,136",666,0,0,YES,IHSC,CCA,Over 72,PBNDS 2011,Regular,Meets Standard,Meets Standard,5/4/17,Regular,Meets Standard,4/28/16,,Meets Standard,Meets Standard,Meets Standard,Meets Standard,Meets Standard,Meets Standard
STCDFTX,SOUTH TEXAS DETENTION COMPLEX,PEARSALL,TX,SNA,CDF,"1,890","1,735","1,754","1,296",221,128,110,512,"1,060",60,121,YES,IHSC,GEO,Over 72,PBNDS 2011,Regular,Meets Standard,Meets Standard,3/30/17,Regular,Meets Standard,3/24/16,,Meets Standard,Meets Standard,Meets Standard,Overcome by Events,Meets Standard,Meets Standard
ADLNTCA,ADELANTO ICE PROCESSING CENTER,ADELANTO,CA,LOS,IGSA,"1,940","1,747","1,691",666,144,342,539,878,616,93,104,YES,GEO,GEO,Over 72,PBNDS 2011,Regular,Meets Standard,Meets Standard,10/6/17,Regular,Meets Standard,10/5/17,,Meets Standard,Meets Standard,Meets Standard,Meets Standard,Meets Standard,Meets Standard
EAZ,ELOY FEDERAL CONTRACT FACILITY,ELOY,AZ,PHO,IGSA,"1,550","1,436","1,401",705,236,251,208,519,480,102,300,YES,IHSC,CCA,Over 72,PBNDS 2011,Regular,Meets Standard,Meets Standard,2/2/17,Regular,Meets Standard,2/4/16,,Meets Standard,Meets Standard,Meets Standard,Meets Standard,Meets Standard,Meets Standard
CSCNWWA,NORTHWEST DETENTION CENTER,TACOMA,WA,SEA,CDF,"1,575","1,421","1,391",649,226,253,263,651,630,50,60,YES,IHSC,GEO,Over 72,PBNDS 2011,Regular,Meets Standard,Meets Standard,4/20/17,Regular,Meets Standard,4/14/16,,Meets Standard,Meets Standard,Meets Standard,Meets Standard,Meets Standard,Meets Standard
JENADLA,JENA/LASALLE DETENTION FACILITY,JENA,LA,NOL,IGSA,"1,160","1,100","1,165",305,234,382,244,672,369,76,48,YES,IHSC,GEO,Over 72,PBNDS 2011,Regular,Meets Standard,Meets Standard,9/14/17,Regular,Meets Standard,9/15/16,,Meets Standard,Meets Standard,Meets Standard,Meets Standard,Meets Standard,Meets Standard
PIC,PORT ISABEL,LOS FRESNOS,TX,SNA,SPC,"1,175","1,160","1,094","1,015",35,20,24,143,833,13,104,YES,IHSC,AHTNA (GUARD),Over 72,PBNDS 2011,Regular,Meets Standard,Meets Standard,2/2/17,Regular,Meets Standard,2/4/16,,Meets Standard,Meets Standard,Meets Standard,Meets Standard,Meets Standard,Meets Standard
CCASDCA,OTAY MESA DETENTION CENTER (SAN DIEGO CDF),SAN DIEGO,CA,SND,CDF,896,925,958,480,257,130,91,374,449,30,104,YES,IHSC,CCA,Over 72,PBNDS 2011,Regular,Meets Standard,Meets Standard,1/26/17,Regular,Meets Standard,1/28/16,,Meets Standard,Meets Standard,Special Review - Pre-Occupancy,Meets Standard,Meets Standard,Meets Standard
HOUICDF,HOUSTON CONTRACT DETENTION FACILITY,HOUSTON,TX,HOU,CDF,"1,000",932,931,181,244,233,274,585,224,62,60,YES,IHSC,CCA,Over 72,PBNDS 2011,Regular,Meets Standard,Meets Standard,1/12/17,Regular,Meets Standard,1/14/16,,Meets Standard,Meets Standard,Meets Standard,Meets Standard,Meets Standard,Meets Standard
OTRPCNM,OTERO COUNTY PROCESSING CENTER,CHAPARRAL,NM,ELP,IGSA,"1,000",958,913,419,306,107,81,459,454,0,0,YES,M&TC,M&TC,Over 72,PBNDS 2011,Regular,Meets Standard,Meets Standard,3/2/17,Regular,Meets Standard,2/25/16,,Meets Standard,Meets Standard,Meets Standard,Meets Standard,Meets Standard,Meets Standard
EPC,EL PASO SERVICE PROCESSING CENTER,EL PASO,TX,ELP,SPC,840,770,742,385,261,56,39,204,272,84,182,YES,IHSC,GPS-ASSET,Over 72,PBNDS 2011,Regular,Meets Standard,Meets Standard,12/15/16,Regular,Meets Standard,12/17/15,12/12/17,,Meets Standard,Meets Standard,Meets Standard,Meets Standard,Meets Standard
MONTGTX,JOE CORLEY DETENTION FACILITY,CONROE,TX,HOU,IGSA,"1,050",767,724,239,146,199,140,411,233,24,57,YES,GEO,GEO,Over 72,PBNDS 2011,Regular,Meets Standard,Meets Standard,11/17/16,Regular,Meets Standard,11/19/15,11/14/17,,Meets Standard,Meets Standard,Meets Standard,Meets Standard,Meets Standard
IRWINGA,IRWIN COUNTY DETENTION CENTER,OCILLA,GA,ATL,USMS IGA,512,674,721,336,172,106,108,358,177,62,124,YES,CORRECTIONAL HEALTH CARE,LASALLE CORRECTIONS,Over 72,PBNDS 2008,Regular,Meets Standard,Meets Standard,6/22/17,Regular,Meets Standard,6/16/16,,Meets Standard,Meets Standard,Meets Standard,Meets Standard,Meets Standard,Meets Standard
FRMVLVA,IMMIGRATION CENTERS OF AMERICA FARMVILLE,FARMVILLE,VA,WAS,IGSA,851,690,719,170,126,219,204,478,241,0,0,YES,ARMOUR,ICA,Over 72,PBNDS 2011,Regular,Meets Standard,Meets Standard,3/16/17,Regular,Meets Standard,3/10/16,,Meets Standard,Meets Standard,Meets Standard,Meets Standard,Meets Standard,Meets Standard
PINEPLA,PINE PRAIRIE CORRECTIONAL CENTER,PINE PRAIRIE,LA,NOL,IGSA,700,691,716,205,192,218,101,352,365,0,0,YES,GEO,GEO,Over 72,PBNDS 2011,Regular,Meets Standard,Meets Standard,4/27/17,Regular,Meets Standard,4/21/16,,Meets Standard,Meets Standard,Special Review - Pre-Occupancy,,Special Review - Pre-Occupancy,
YORCOPA,YORK COUNTY PRISON,YORK,PA,PHI,IGSA,800,691,695,247,166,164,117,342,290,21,42,YES,IHSC,COUNTY (SHERIFF),Over 72,PBNDS 2008,Regular,Pending,Meets Standard,10/19/17,Regular,Meets Standard,10/14/16,,Pending,Meets Standard,Meets Standard,Meets Standard,Meets Standard,Meets Standard
ESSEXNJ,ESSEX COUNTY CORRECTIONAL FACILITY,NEWARK,NJ,NEW,IGSA,800,701,691,127,54,301,209,412,279,0,0,YES,CFG MEDICAL  CONTRACTOR,COUNTY (CORRECTIONS),Over 72,PBNDS 2011,Regular,Meets Standard,Meets Standard,9/21/17,Regular,Meets Standard,9/15/16,,Meets Standard,Meets Standard,Meets Standard,Meets Standard,Meets Standard,Meets Standard
IRADFCA,IMPERIAL REGIONAL DETENTION FACILITY,CALEXICO,CA,SND,IGSA,704,671,684,620,9,9,47,81,550,1,52,YES,M&TC,M&TC,Over 72,PBNDS 2011,Regular,Meets Standard,Meets Standard,1/26/17,Regular,Meets Standard,1/28/16,,Meets Standard,Meets Standard,Meets Standard,Special Review - Pre-Occupancy,,
DENICDF,DENVER CONTRACT DETENTION FACILITY,AURORA,CO,DEN,CDF,848,646,644,185,114,216,128,407,190,24,22,YES,GEO,GEO,Over 72,PBNDS 2011,Regular,Meets Standard,Meets Standard,9/28/17,Regular,Meets Standard,9/29/16,,Meets Standard,Meets Standard,Meets Standard,Meets Standard,Meets Standard,Meets Standard
WCCPBFL,BROWARD TRANSITIONAL CENTER,POMPANO BEACH,FL,MIA,CDF,700,645,640,602,32,6,0,84,478,5,74,YES,GEO,GEO,Over 72,PBNDS 2011,Regular,Pending,Meets Standard,10/26/17,Regular,Meets Standard,10/27/16,,Pending,Meets Standard,Meets Standard,Meets Standard,Meets Standard,Meets Standard
HUDSONJ,HUDSON COUNTY CORRECTIONAL CENTER,KEARNY,NJ,NYC,IGSA,476,610,636,102,52,274,209,419,168,34,16,YES,COUNTY/CFC HEALTHY SYSTEMS,COUNTY (CORRECTIONS),Over 72,PBNDS 2008,Regular,Meets Standard,Meets Standard,1/12/17,Regular,Meets Standard,1/14/16,,Meets Standard,Meets Standard,Meets Standard,Meets Standard,Meets Standard,Meets Standard
PRLDCTX,PRAIRIELAND DETENTION FACILITY,ALVARADO,TX,DAL,IGSA,707,600,595,204,143,148,101,385,140,49,21,YES,"LaSalle Management Company, LLC",LASALLE CORRECTIONS,Over 72,PBNDS 2011,Regular,Meets Standard,Meets Standard,4/20/17,Regular,Special Review - Pre-Occupancy,12/8/16,,Meets Standard,Special Review - Pre-Occupancy,,,,
JAMESGA,FOLKSTON ICE PROCESSING CENTER (D. RAY JAMES),FOLKSTON,GA,ATL,IGSA,780,555,588,201,58,119,210,352,236,0,0,YES,GEO,GEO,Over 72,PBNDS 2011,Regular,Meets Standard,Meets Standard,3/23/17,Regular,Special Review - Pre-Occupancy,11/17/16,,Meets Standard,Special Review - Pre-Occupancy,,,,
RGRNDTX,RIO GRANDE DETENTION CENTER,LAREDO,TX,SNA,USMS IGA,672,680,574,545,29,0,0,52,523,0,0,YES,GEO,GEO,Over 72,PBNDS 2008,Regular,Meets Standard,Meets Standard,3/16/17,Regular,Meets Standard,3/10/16,,Meets Standard,Meets Standard,Meets Standard,Meets Standard,Special Review - Pre-Occupancy,
BTV,BUFFALO (BATAVIA) SERVICE PROCESSING CENTER,BATAVIA,NY,BUF,SPC,650,562,570,252,73,96,149,316,255,0,0,YES,IHSC,AGS,Over 72,PBNDS 2011,Regular,Meets Standard,Meets Standard,3/9/17,Regular,Meets Standard,3/3/16,,Meets Standard,Meets Standard,Meets Standard,Meets Standard,Meets Standard,Meets Standard
CCAFLAZ,"CCA, FLORENCE CORRECTIONAL CENTER",FLORENCE,AZ,PHO,USMS IGA,806,659,566,291,86,99,89,272,294,0,0,YES,CCA,CCA,Over 72,PBNDS 2008,Regular,Pending,Meets Standard,8/24/17,Regular,Meets Standard,8/25/16,,Pending,Meets Standard,Meets Standard,Meets Standard,Meets Standard,Meets Standard
TLACYCA,THEO LACY FACILITY,ORANGE,CA,LOS,IGSA,472,537,542,127,55,112,247,401,141,0,0,YES,OCSD,COUNTY (SHERIFF),Over 72,PBNDS 2008,Regular,Pending,Meets Standard,10/26/17,Regular,Meets Standard,10/27/16,,Pending,Meets Standard,Meets Standard,Meets Standard,Meets Standard,Meets Standard
WTXDFTX,WEST TEXAS DETENTION FACILITY,SIERRA BLANCA,TX,ELP,USMS IGA,450,485,490,174,274,29,13,182,161,30,117,YES,"LaSalle Management Company, LLC",LASALLE CORRECTIONS,Over 72,NDS,Regular,Acceptable,Acceptable,8/31/17,Regular,Acceptable,9/1/16,,Acceptable,Acceptable,Acceptable,Acceptable,Acceptable,Acceptable
POLKCTX,POLK COUNTY ADULT DETENTION FACILITY,LIVINGSTON,TX,HOU,IGSA,"1,054",560,431,231,69,70,61,200,230,1,0,YES,M&TC,M&TC,Over 72,NDS,Regular,Acceptable,Acceptable,1/6/17,Regular,Acceptable,1/7/16,,Acceptable,Acceptable,Acceptable,Acceptable,Acceptable,Acceptable
GLADEFL,GLADES COUNTY DETENTION CENTER,MOORE HAVEN,FL,MIA,IGSA,AS NEEDED,384,422,19,76,154,174,294,68,49,11,YES,COUNTY,COUNTY (SHERIFF),Over 72,NDS,Regular,Acceptable,Acceptable,5/18/17,Regular,Acceptable,5/12/16,,Acceptable,Acceptable,Acceptable,Acceptable,Acceptable,Acceptable
FLO,FLORENCE SERVICE PROCESSING CENTER,FLORENCE,AZ,PHO,SPC,392,369,396,322,68,3,3,104,292,0,0,YES,IHSC,ASSET (GUARD),Over 72,PBNDS 2011,Regular,Meets Standard,Meets Standard,4/6/17,Regular,Meets Standard,3/31/16,,Meets Standard,Meets Standard,Meets Standard,Meets Standard,Meets Standard,Meets Standard
CACFMES,MESA VERDE DETENTION FACILITY,BAKERSFIELD,CA,SFR,IGSA,400,378,385,115,134,68,68,256,41,9,79,YES,GEO,GEO,Over 72,PBNDS 2011,Regular,Meets Standard,Meets Standard,6/29/17,Regular,Meets Standard,6/23/16,,Meets Standard,Meets Standard,Meets Standard,,,
BERGENJ,BERGEN COUNTY JAIL,HACKENSACK,NJ,NYC,USMS IGA,128,378,336,116,80,69,70,214,101,12,9,YES,COUNTY,COUNTY (SHERIFF),Over 72,NDS,Regular,Acceptable,Acceptable,2/9/17,Regular,Acceptable,2/11/16,,Acceptable,Acceptable,Acceptable,Acceptable,Acceptable,Acceptable
LRDICDF,LAREDO PROCESSING CENTER,LAREDO,TX,SNA,USMS IGA,400,368,332,305,10,6,10,9,137,23,163,YES,CCA,CCA,Over 72,NDS,Regular,Acceptable,Acceptable,6/8/17,Regular,Acceptable,6/3/16,,Acceptable,Acceptable,Acceptable,Acceptable,Acceptable,Acceptable
MUSIKCA,JAMES A. MUSICK FACILITY,IRVINE,CA,LOS,IGSA,AS NEEDED,284,310,163,40,67,40,125,126,9,50,YES,OCSD,COUNTY (SHERIFF),Over 72,PBNDS 2008,Regular,Pending,Meets Standard,10/19/17,Regular,Meets Standard,10/20/16,,Pending,Meets Standard,Meets Standard,Meets Standard,Meets Standard,Meets Standard
ETOWAAL,ETOWAH COUNTY JAIL (ALABAMA),GADSDEN,AL,NOL,USMS IGA,350,297,309,94,37,68,110,221,87,1,0,YES,COUNTY,COUNTY (SHERIFF),Over 72,NDS,Regular,Acceptable,Acceptable,7/27/17,Regular,Acceptable,7/21/16,,Acceptable,Acceptable,Acceptable,Acceptable,Acceptable,Acceptable
ELZICDF,ELIZABETH CONTRACT DETENTION FACILITY,ELIZABETH,NJ,NEW,CDF,304,310,307,216,83,8,0,131,147,10,19,YES,IHSC,CCA,Over 72,PBNDS 2011,Regular,Pending,Meets Standard,10/19/17,Regular,Meets Standard,10/14/16,,Pending,Meets Standard,Meets Standard,Meets Standard,Meets Standard,Meets Standard
BAKERFL,BAKER COUNTY SHERIFF'S OFFICE,MACCLENNY,FL,MIA,IGSA,AS NEEDED,288,278,26,78,95,80,190,60,23,6,YES,MID-LEVEL PROVIDER - ARNP,COUNTY,Over 72,NDS,Regular,Acceptable,Acceptable,4/20/17,Regular,Acceptable,4/14/16,,Acceptable,Acceptable,Acceptable,Acceptable,Acceptable,Acceptable
ATLANGA,ATLANTA CITY DETENTION CENTER,ATLANTA,GA,ATL,USMS IGA,200,240,277,142,76,36,24,128,111,8,30,YES,INMATE PHYSICIAN SERVICES,CITY,Over 72,NDS,Regular,Acceptable,Acceptable,6/29/17,Regular,Acceptable,6/25/15,,Acceptable,,Acceptable,,Acceptable,Acceptable
JOHNSTX,JOHNSON COUNTY CORRECTIONS CENTER,CLEBURNE,TX,DAL,IGSA,AS NEEDED,278,271,102,46,69,54,217,53,1,0,YES,COUNTY,LASALLE CORRECTIONS,Over 72,PBNDS 2011,Regular,Meets Standard,Meets Standard,8/17/17,Regular,Acceptable,8/18/16,,Meets Standard,Acceptable,Acceptable,Acceptable,Acceptable,Acceptable
SHERBMN,SHERBURNE COUNTY JAIL,ELK RIVER,MN,SPM,USMS IGA,120,268,256,14,19,170,53,175,65,13,3,YES,COUNTY,COUNTY (SHERIFF),Over 72,NDS,Regular,Acceptable,Acceptable,12/8/16,Regular,Acceptable,12/10/15,12/5/17,,Acceptable,Acceptable,Acceptable,Acceptable,Acceptable
MCHENIL,MCHENRY COUNTY CORRECTIONAL FACILITY,WOODSTOCK,IL,CHI,USMS IGA,250,256,255,74,35,71,75,170,59,18,8,YES,CORRECT CARE SOLUTIONS,COUNTY (SHERIFF),Over 72,NDS,Regular,Acceptable,Acceptable,6/15/17,Regular,Acceptable,6/16/16,,Acceptable,Acceptable,Acceptable,Acceptable,Acceptable,Acceptable
CCANOOH,NORTHEAST OHIO CORRECTIONAL CTR (YOUNGSTOWN CDF),YOUNGSTOWN,OH,DET,CDF,352,272,246,105,23,28,90,144,102,0,0,YES,CCA,CCA,Over 72,PBNDS 2011,Regular,Meets Standard,Meets Standard,3/23/17,Regular,Special Review - Pre-Occupancy,11/10/16,,Meets Standard,Special Review - Pre-Occupancy,,,,
HENDENV,HENDERSON DETENTION CENTER,HENDERSON,NV,SLC,USMS IGA,300,233,245,12,100,88,45,180,38,21,7,YES,CITY,CITY,Over 72,NDS,Regular,Acceptable,Acceptable,7/20/17,Regular,Acceptable,7/14/16,,Acceptable,Acceptable,Acceptable,Acceptable,Acceptable,Acceptable
PLYMOMA,PLYMOUTH COUNTY CORRECTIONAL FACILITY,PLYMOUTH,MA,BOS,IGSA,AS NEEDED,235,233,74,27,60,72,127,105,1,0,YES,COUNTY,COUNTY (SHERIFF),Over 72,NDS,Regular,Acceptable,Acceptable,6/22/17,Regular,Acceptable,6/16/16,,Acceptable,Acceptable,Acceptable,Acceptable,Acceptable,Acceptable
SLRDCAZ,SAN LUIS REGIONAL DETENTION CENTER,SAN LUIS,AZ,PHO,USMS IGA,400,271,226,208,10,4,3,18,173,3,32,YES,CITY,LASALLE CORRECTIONS,Over 72,NDS,Regular,Acceptable,Acceptable,4/20/17,ORSA,Acceptable,8/5/16,,Acceptable,Acceptable,Acceptable,,Acceptable,
CONWECA,CONTRA COSTA COUNTY JAIL WEST,RICHMOND,CA,SFR,USMS IGA,318,214,211,33,47,70,61,129,46,28,7,YES,COUNTY,COUNTY (SHERIFF),Over 72,NDS,Regular,Pending,Acceptable,10/26/17,Regular,Acceptable,10/20/16,,Pending,Acceptable,Acceptable,Acceptable,Acceptable,
CALHOMI,CALHOUN COUNTY CORRECTIONAL CENTER,BATTLE CREEK,MI,DET,IGSA,125,172,197,63,60,42,33,98,54,17,29,YES,CORIZON,COUNTY (SHERIFF),Over 72,NDS,Regular,Acceptable,Acceptable,2/2/17,Regular,Acceptable,1/28/16,,Acceptable,Acceptable,Acceptable,Acceptable,Acceptable,Acceptable
SUFFOMA,SUFFOLK COUNTY HOUSE OF CORRECTIONS,BOSTON,MA,BOS,IGSA,AS NEEDED,210,196,54,32,44,66,101,81,1,12,YES,COUNTY,COUNTY (SHERIFF),Over 72,NDS,Regular,Acceptable,Acceptable,5/11/17,Regular,Acceptable,4/21/16,,Acceptable,Acceptable,Acceptable,Acceptable,Acceptable,Acceptable
TULCOOK,TULSA COUNTY JAIL (DAVID L. MOSS JUSTICE CTR),TULSA,OK,DAL,IGSA,AS NEEDED,182,188,85,35,43,25,99,69,10,10,YES,COUNTY,COUNTY (SHERIFF),Over 72,NDS,Regular,Acceptable,Acceptable,5/25/17,Regular,Acceptable,5/26/16,,Acceptable,Acceptable,Acceptable,Acceptable,Acceptable,Acceptable
YUBAJCA,YUBA COUNTY JAIL,MARYSVILLE,CA,SFR,IGSA,AS NEEDED,190,180,15,24,48,94,139,29,10,2,YES,COUNTY,COUNTY (SHERIFF),Over 72,NDS,Regular,Acceptable,Acceptable,11/3/16,Regular,Acceptable,11/5/15,11/7/17,,Acceptable,Acceptable,Overcome by Events,Acceptable,Acceptable
CIBOCNM,CIBOLA COUNTY CORRECTIONAL CENTER,MILAN,NM,ELP,IGSA,500,236,180,116,37,13,14,57,123,0,0,YES,CORRECT CARE SOLUTIONS,CCA,Over 72,PBNDS 2011,Regular,Meets Standard,Meets Standard,3/30/17,Regular,Special Review - Pre-Occupancy,10/20/16,,Meets Standard,Special Review - Pre-Occupancy,,,,
PIKCOPA,PIKE COUNTY CORRECTIONAL FACILITY,LORDS VALLEY,PA,PHI,IGSA,AS NEEDED,163,179,28,31,61,58,152,27,0,0,YES,PRIMECARE MEDICAL INC.,COUNTY (SHERIFF),Over 72,PBNDS 2008,Regular,Meets Standard,Meets Standard,1/6/17,Regular,Meets Standard,1/7/16,,Meets Standard,Meets Standard,Meets Standard,Meets Standard,Meets Standard,Acceptable
BRINDMA,BRISTOL COUNTY DETENTION CENTER,NORTH DARTMOUTH,MA,BOS,IGSA,AS NEEDED,193,177,21,14,49,93,123,40,13,1,YES,COUNTY,COUNTY (SHERIFF),Over 72,PBNDS 2008,Regular,Meets Standard,Meets Standard,5/4/17,Regular,Meets Standard,4/28/16,,Meets Standard,Meets Standard,Meets Standard,Meets Standard,Meets Standard,Meets Standard
DODGEWI,DODGE COUNTY JAIL,JUNEAU,WI,CHI,USMS IGA,265,177,173,29,31,58,55,130,30,8,6,YES,CORRECTIONAL HEALTH CARE,COUNTY (SHERIFF),Over 72,NDS,Regular,Acceptable,Acceptable,3/30/17,Regular,Acceptable,3/24/16,,Acceptable,Acceptable,Acceptable,Acceptable,Acceptable,Acceptable
ORANGNY,ORANGE COUNTY JAIL,GOSHEN,NY,NYC,IGSA,AS NEEDED,176,172,55,60,36,21,122,29,12,10,YES,COUNTY/CORNMEDCARE,COUNTY (CORRECTIONS),Over 72,NDS,Regular,Acceptable,Acceptable,4/13/17,Regular,Acceptable,3/17/16,,Acceptable,Acceptable,Acceptable,Acceptable,Acceptable,Acceptable
PULASIL,PULASKI COUNTY JAIL,ULLIN,IL,CHI,IGSA,AS NEEDED,172,171,49,36,42,44,116,41,7,6,YES,COUNTY,COUNTY,Over 72,PBNDS 2011,Regular,Meets Standard,Meets Standard,3/2/17,Regular,Meets Standard,2/25/16,,Meets Standard,Meets Standard,,,,
WCRDFTX,WILLACY CO  REGIONAL DETENTION FACILITY,RAYMONDVILLE,TX,SNA,USMS IGA,AS NEEDED,181,171,168,3,1,0,13,157,1,0,YES,COUNTY,M&TC,Over 72,NDS,Regular,Acceptable,Acceptable,9/14/17,Regular,Acceptable,9/22/16,,Acceptable,Acceptable,Acceptable,,,
RIOCCCA,RIO COSUMNES CORR. CENTER,ELK GROVE,CA,SFR,IGSA,AS NEEDED,180,170,9,31,60,70,148,23,0,0,YES,COUNTY,COUNTY (SHERIFF),Over 72,NDS,Regular,Acceptable,Acceptable,12/1/16,Regular,Acceptable,12/3/15,11/28/17,,Acceptable,Acceptable,Acceptable,,Special Review - Pre-Occupancy
WORCEMD,WORCESTER COUNTY JAIL,SNOW HILL,MD,BAL,IGSA,AS NEEDED,170,169,21,17,62,70,123,34,7,4,YES,COUNTY,COUNTY (SHERIFF),Over 72,NDS,Regular,Acceptable,Acceptable,8/31/17,Regular,Acceptable,9/1/16,,Acceptable,Acceptable,Acceptable,Acceptable,Acceptable,Acceptable
BUTLEOH,BUTLER COUNTY JAIL,HAMILTON,OH,DET,IGSA,AS NEEDED,132,167,37,50,45,35,97,59,5,7,YES,COUNTY,COUNTY (SHERIFF),Over 72,NDS,Regular,Acceptable,Acceptable,1/12/17,Regular,Acceptable,1/14/16,,Acceptable,Acceptable,Acceptable,Acceptable,Acceptable,Acceptable
KENOSWI,KENOSHA COUNTY DETENTION CENTER,KENOSHA,WI,CHI,USMS IGA,210,142,143,59,13,39,33,88,50,2,2,YES,KVNA,COUNTY (SHERIFF),Over 72,NDS,Regular,Acceptable,Acceptable,6/8/17,Regular,Acceptable,6/3/16,,Acceptable,Acceptable,Acceptable,Acceptable,Acceptable,Acceptable
NVSDCNV,NEVADA SOUTHERN DETENTION CENTER,PAHRUMP,NV,SLC,USMS IGA,250,145,140,11,47,55,27,104,16,13,7,YES,CCA,CCA,Over 72,PBNDS 2008,Regular,Meets Standard,Meets Standard,8/3/17,Regular,Meets Standard,8/4/16,,Meets Standard,Meets Standard,,Special Review - Pre-Occupancy,,
KANKEIL,KANKAKEE COUNTY JAIL (JEROME COMBS DET CTR),KANKAKEE,IL,CHI,USMS IGA,AS NEEDED,143,139,49,23,36,31,83,55,0,0,YES,COUNTY,COUNTY,Over 72,NDS,Regular,Acceptable,Acceptable,3/9/17,Regular,Special Review - Pre-Occupancy,12/8/16,,Acceptable,Special Review - Pre-Occupancy,,,,
BOONEKY,BOONE COUNTY JAIL,BURLINGTON,KY,CHI,USMS IGA,200,136,134,22,41,47,25,101,28,3,2,YES,SOUTHERN HEALTH PARTNERS,COUNTY (JAILER),Over 72,NDS,Regular,Acceptable,Acceptable,2/16/17,Regular,Acceptable,2/19/16,,Acceptable,Acceptable,Acceptable,Acceptable,Acceptable,Acceptable
WEBDCTX,WEBB COUNTY DETENTION CENTER (CCA),LAREDO,TX,SNA,USMS IGA,AS NEEDED,174,131,61,7,17,46,53,71,0,7,YES,CCA,CCA,Over 72,NDS,Regular,Acceptable,Acceptable,2/16/17,Regular,Special Review - Pre-Occupancy,10/27/16,,Acceptable,Special Review - Pre-Occupancy,,,,
WAKULFL,WAKULLA COUNTY JAIL,CRAWFORDVILLE,FL,MIA,IGSA,AS NEEDED,107,105,1,7,27,70,99,6,0,0,YES,MID-LEVEL PROVIDER - ARNP,COUNTY (SHERIFF),Over 72,NDS,Regular,Acceptable,Acceptable,10/20/16,Regular,Acceptable,11/5/15,11/14/17,,Acceptable,Acceptable,Acceptable,Acceptable,Acceptable
FREEBMN,FREEBORN COUNTY ADULT DETENTION CENTER,ALBERT LEA,MN,SPM,IGSA,AS NEEDED,89,95,10,14,45,26,62,34,0,0,YES,COUNTY,COUNTY (SHERIFF),Over 72,NDS,Regular,Acceptable,Acceptable,3/30/17,Regular,Acceptable,3/24/15,,Acceptable,,Acceptable,Acceptable,Acceptable,Acceptable
HOWARMD,HOWARD COUNTY DETENTION CENTER,JESSUP,MD,BAL,IGSA,AS NEEDED,93,88,18,9,32,29,61,27,0,0,YES,COUNTY,COUNTY (CORRECTIONS),Over 72,PBNDS 2011,Regular,Meets Standard,Meets Standard,12/15/16,Regular,Meets Standard,6/23/16,12/12/17,,Meets Standard,Meets Standard,Acceptable,Acceptable,Acceptable
CHASEKS,CHASE COUNTY DETENTION FACILITY,COTTONWOOD FALLS,KS,CHI,IGSA,AS NEEDED,77,86,1,51,21,12,51,25,5,4,YES,COUNTY,COUNTY (SHERIFF),Over 72,NDS,Regular,Acceptable,Acceptable,7/20/17,Regular,Acceptable,7/16/15,,Acceptable,,Acceptable,,Acceptable,
SENECOH,SENECA COUNTY JAIL,TIFFIN,OH,DET,IGSA,AS NEEDED,80,84,28,39,13,5,20,58,0,6,YES,COUNTY/CORRECTIONAL HEALTHCARE,COUNTY (SHERIFF),Over 72,NDS,Regular,Acceptable,Acceptable,10/5/17,Regular,Acceptable,10/22/15,,Acceptable,,Acceptable,Acceptable,Acceptable,Acceptable
STCLAMI,SAINT CLAIR COUNTY JAIL,PORT HURON,MI,DET,IGSA,AS NEEDED,89,82,38,24,13,7,34,48,0,1,YES,COUNTY,COUNTY (SHERIFF),Over 72,PBNDS 2008,Regular,Meets Standard,Meets Standard,8/17/17,Regular,Meets Standard,8/27/15,,Meets Standard,,Meets Standard,Meets Standard,,Acceptable
GEAUGOH,GEAUGA COUNTY JAIL,CHARDON,OH,DET,USMS IGA,30,92,81,24,26,16,16,46,27,4,4,YES,COUNTY,COUNTY (SHERIFF),Over 72,NDS,Regular,Acceptable,Acceptable,12/3/15,Regular,Acceptable,12/5/13,11/28/17,,,Acceptable,,Acceptable,Acceptable
EHDLGTX,EAST HIDALGO DETENTION CENTER,LA VILLA,TX,SNA,USMS IGA,100,74,78,73,3,1,1,10,68,0,0,YES,LCS,GEO,Over 72,NDS,Regular,Acceptable,Acceptable,8/24/17,Regular,Acceptable,8/27/15,,Acceptable,,Acceptable,Acceptable,Good,
HASHENE,HALL COUNTY DEPARTMENT OF CORRECTIONS,GRAND ISLAND,NE,SPM,IGSA,AS NEEDED,77,77,14,21,26,16,60,14,4,0,YES,COUNTY,COUNTY (SHERIFF),Over 72,NDS,Regular,Acceptable,Acceptable,7/20/17,Regular,Acceptable,7/16/15,,Acceptable,,Acceptable,,Acceptable,Acceptable
MARSHIA,MARSHALL COUNTY JAIL,MARSHALLTOWN,IA,SPM,USMS IGA,35,67,71,20,20,20,11,48,20,3,0,YES,COUNTY,COUNTY (SHERIFF),Over 72,NDS,Regular,Pending,Acceptable,10/19/17,Regular,Acceptable,9/24/15,,Pending,,Acceptable,,,Acceptable
GREENMA,FRANKLIN COUNTY HOUSE OF CORRECTION,GREENFIELD,MA,BOS,USMS IGA,90,64,68,6,6,25,31,47,20,1,0,YES,COUNTY,COUNTY (SHERIFF),Over 72,NDS,Regular,Acceptable,Acceptable,4/27/17,Regular,Acceptable,4/12/16,,Acceptable,Acceptable,Acceptable,Acceptable,Acceptable,
HARDJIA,HARDIN COUNTY JAIL,ELDORA,IA,SPM,IGSA,AS NEEDED,78,67,9,14,25,20,55,10,1,1,YES,COUNTY,COUNTY (SHERIFF),Over 72,NDS,Regular,Acceptable,Acceptable,9/28/17,Regular,Acceptable,10/22/15,,Acceptable,,Acceptable,,Acceptable,Acceptable
STRAFNH,STRAFFORD COUNTY CORRECTIONS,DOVER,NH,BOS,IGSA,AS NEEDED,56,65,14,6,21,23,34,15,10,5,YES,COUNTY,COUNTY (CORRECTIONS),Over 72,PBNDS 2008,Regular,Pending,Does Not Meet Standards,5/11/17,Regular,Meets Standard,5/7/15,12/12/17,Pending,,Meets Standard,,Acceptable,
MONROMI,MONROE COUNTY DETENTION-DORM,MONROE,MI,DET,IGSA,AS NEEDED,54,63,22,22,14,5,29,34,0,0,YES,COUNTY/ADVANCE CORRECTIONAL CARE,COUNTY (SHERIFF),Over 72,NDS,Regular,Acceptable,Acceptable,8/24/17,Regular,Acceptable,9/11/15,,Acceptable,,Acceptable,Acceptable,Acceptable,
MONROFL,MONROE COUNTY DETENTION CENTER,KEY WEST,FL,MIA,IGSA,72,69,61,0,11,13,36,57,4,0,0,YES,MID-LEVEL PROVIDER - ARNP,COUNTY (SHERIFF),Over 72,PBNDS 2008,Regular,Meets Standard,Meets Standard,7/27/17,Regular,Meets Standard,7/28/16,,Meets Standard,Meets Standard,Meets Standard,Meets Standard,Acceptable,Acceptable
OKMULOK,OKMULGEE COUNTY JAIL,OKMULGEE,OK,DAL,USMS IGA,AS NEEDED,62,60,24,14,9,13,38,23,0,0,,,,Over 72,NDS,Regular,Acceptable,Acceptable,10/13/17,N/A,,,,Acceptable,,,,,
VPREGVA,VIRGINIA PENINSULA REGIONAL JAIL,WILLIAMSBURG,VA,WAS,USMS IGA,AS NEEDED,54,55,15,13,8,19,31,12,6,6,YES,COUNTY,COUNTY,Over 72,NDS,Regular,Acceptable,Acceptable,4/6/17,Regular,Acceptable,4/7/16,,Acceptable,Acceptable,Acceptable,Special Review - Pre-Occupancy,,
MORGNMO,MORGAN COUNTY ADULT DETENTION CENTER,VERSAILLES,MO,CHI,IGSA,AS NEEDED,50,54,7,19,18,10,34,19,1,0,YES,ADVANCED CORRECTIONAL HEALTHCARE,COUNTY (SHERIFF),Over 72,NDS,Regular,Pending,Deficient,1/20/17,Regular,Acceptable,1/23/15,12/12/17,Pending,,Acceptable,,Acceptable,
APPSCLA,ALLEN PARISH PUBLIC SAFETY COMPLEX,OBERLIN,LA,NOL,IGSA,AS NEEDED,55,52,44,6,2,0,0,52,0,0,YES,COUNTY,COUNTY,Over 72,PBNDS 2011,Regular,Meets Standard,Meets Standard,5/18/17,Regular,Meets Standard,8/25/16,12/5/17,Meets Standard,Meets Standard,Special Review - Pre-Occupancy,,,
DEKALAL,DEKALB COUNTY DETENTION CENTER,FORT PAYNE,AL,NOL,USMS IGA,60,42,46,9,18,15,4,23,17,4,2,YES,COUNTY,COUNTY (SHERIFF),Over 72,NDS,Regular,Acceptable,Acceptable,1/6/17,Regular,Acceptable,1/15/15,,Acceptable,,Acceptable,,Acceptable,Acceptable
CARJAMN,CARVER COUNTY JAIL,CHASKA,MN,SPM,IGSA,AS NEEDED,43,46,3,4,27,12,28,12,4,1,YES,COUNTY,COUNTY (SHERIFF),Over 72,NDS,Regular,Acceptable,Acceptable,11/19/15,Regular,Acceptable,11/21/13,11/14/17,,,Acceptable,,Acceptable,
CHIPPMI,CHIPPEWA COUNTY SSM,SAULT SAINTE MARIE,MI,DET,IGSA,AS NEEDED,41,43,5,7,9,22,23,17,1,2,YES,CORRECTIONAL HEALTHCARE COMPANIES,COUNTY (SHERIFF),Over 72,NDS,Regular,Acceptable,Acceptable,3/9/17,ORSA,Acceptable,8/29/16,,Acceptable,Acceptable,Acceptable,,Acceptable,
YORCOSC,YORK COUNTY DETENTION CENTER,YORK,SC,ATL,USMS IGA,70,47,43,13,11,10,8,28,13,1,1,YES,COUNTY,COUNTY (SHERIFF),Over 72,NDS,Regular,Acceptable,Acceptable,8/11/16,Regular,Acceptable,8/14/14,,,Acceptable,,Acceptable,,Acceptable
FREDEMD,FREDERICK COUNTY DETENTION CENTER,FREDERICK,MD,BAL,IGSA,AS NEEDED,45,42,33,8,0,0,19,22,0,0,YES,COUNTY,COUNTY (SHERIFF),Over 72,NDS,Regular,Acceptable,Acceptable,7/13/17,Regular,Acceptable,7/16/15,,Acceptable,,Acceptable,,Acceptable,Acceptable
DOCORNE,DOUGLAS COUNTY DEPARTMENT OF CORRECTIONS,OMAHA,NE,SPM,IGSA,AS NEEDED,41,41,3,9,25,4,32,4,4,1,YES,COUNTY,COUNTY (CORRECTIONS),Over 72,PBNDS 2008,Regular,Pending,Meets Standard,10/26/17,Regular,Meets Standard,11/3/16,,Pending,Meets Standard,Acceptable,Meets Standard,Meets Standard,Meets Standard
POLKJIA,POLK COUNTY JAIL,DES MOINES,IA,SPM,USMS IGA,AS NEEDED,28,41,7,12,15,8,28,11,2,0,YES,COUNTY,COUNTY (SHERIFF),Over 72,NDS,ORSA,Acceptable,,9/21/17,ORSA,Acceptable,8/1/16,,Acceptable,Acceptable,Acceptable,,Acceptable,Acceptable
BROKSTX,BROOKS COUNTY DETENTION CENTER,FALFURRIAS,TX,SNA,USMS IGA,200,41,37,37,0,0,0,2,36,0,0,YES,PNA MEDICAL SERVICES,GEO,Over 72,NDS,Regular,Acceptable,Acceptable,4/13/17,ORSA,Acceptable,8/12/16,,Acceptable,Acceptable,,Acceptable,Acceptable,Acceptable
CLAYCIN,CLAY COUNTY JAIL,BRAZIL,IN,CHI,USMS IGA,AS NEEDED,46,37,7,8,13,9,28,9,1,0,YES,COUNTY,COUNTY (SHERIFF),Over 72,PBNDS 2008,Regular,Meets Standard,Meets Standard,5/25/17,Regular,Meets Standard,5/26/16,,Meets Standard,Meets Standard,Meets Standard,Meets Standard,Meets Standard,
MOROWOH,MORROW COUNTY CORRECTIONAL FACILITY,MOUNT GILEAD,OH,DET,IGSA,AS NEEDED,53,36,12,9,11,5,24,10,0,1,YES,COUNTY,COUNTY (SHERIFF),Over 72,NDS,Regular,Acceptable,Acceptable,2/11/16,Regular,Acceptable,1/30/14,,,Acceptable,,Acceptable,,Acceptable
CAMBRPA,CAMBRIA COUNTY JAIL,EBENSBURG,PA,PHI,USMS IGA,15,29,33,9,12,10,1,15,18,0,0,YES,PRIMECARE MEDICAL INC.,COUNTY (PRISON),Over 72,NDS,ORSA,Acceptable,,8/30/16,ORSA,Acceptable,9/30/15,12/5/17,,Acceptable,Acceptable,,Acceptable,
NORCOOR,NORTHERN OREGON CORRECTIONAL FACILITY,THE DALLES,OR,SEA,IGSA,AS NEEDED,25,26,0,3,2,21,26,0,1,0,YES,COUNTY,COUNTY (JAILER),Over 72,NDS,ORSA,Acceptable,,9/30/16,ORSA,Acceptable,9/30/15,11/28/17,,Acceptable,Acceptable,Acceptable,Acceptable,
CLINTPA,CLINTON COUNTY CORRECTIONAL FACILITY,LOCK HAVEN,PA,PHI,USMS IGA,50,23,25,1,7,6,11,24,1,0,0,YES,CLINTON MEDICAL ASSOCIATES,COUNTY (CORRECTIONS),Over 72,NDS,Regular,Acceptable,Acceptable,9/21/17,Regular,Acceptable,10/1/15,,Acceptable,,Acceptable,,Acceptable,Acceptable
NOBLEMN,NOBLES COUNTY JAIL,WORTHINGTON,MN,SPM,IGSA,AS NEEDED,27,25,1,2,11,10,21,4,0,0,YES,COUNTY,COUNTY (SHERIFF),Over 72,NDS,ORSA,Acceptable,,9/21/17,ORSA,Acceptable,7/23/16,,Acceptable,Acceptable,Acceptable,Acceptable,Acceptable,
CHARLSC,CHARLESTON COUNTY DETENTION CENTER,NORTH CHARLESTON,SC,ATL,USMS IGA,256,7,23,7,5,8,3,14,8,0,0,YES,CAROLINA CARE OCCUPATIONAL HEALTH,COUNTY (SHERIFF),Over 72,NDS,Regular,Acceptable,Acceptable,12/22/16,ORSA,Acceptable,10/19/16,12/5/17,,Acceptable,Acceptable,,Acceptable,Acceptable
CALDWMO,CALDWELL COUNTY DETENTION CENTER,KINGSTON,MO,CHI,IGSA,AS NEEDED,20,22,8,10,3,1,9,8,4,1,YES,ADVANCED CORRECTIONAL HEALTHCARE,COUNTY (SHERIFF),Over 72,NDS,Regular,Acceptable,Acceptable,5/19/16,Regular,Acceptable,5/15/14,,,Acceptable,,Acceptable,,Acceptable
GFCORND,GRAND FORKS COUNTY CORRECTIONAL FACILITY,GRAND FORKS,ND,SPM,IGSA,AS NEEDED,23,20,0,0,19,1,12,7,0,0,YES,COUNTY,COUNTY (SHERIFF),Over 72,NDS,ORSA,Acceptable,,9/21/17,ORSA,Acceptable,9/23/16,,Acceptable,Acceptable,Acceptable,Acceptable,Acceptable,Acceptable
MONTGMO,MONTGOMERY COUNTY JAIL,MONTGOMERY CITY,MO,CHI,IGSA,AS NEEDED,17,20,6,5,6,3,10,8,2,0,YES,COUNTY,COUNTY (SHERIFF),Over 72,NDS,Regular,Acceptable,Acceptable,8/10/17,Regular,Acceptable,8/13/15,,Acceptable,,Acceptable,,Acceptable,
WASHONV,WASHOE COUNTY JAIL,RENO,NV,SLC,USMS IGA,86,16,18,0,2,13,3,17,1,0,0,YES,COUNTY,COUNTY (SHERIFF),Over 72,NDS,Regular,Acceptable,Acceptable,8/18/16,Regular,Acceptable,8/21/14,,,Acceptable,,Acceptable,,Acceptable
ALBCONY,ALBANY COUNTY JAIL,ALBANY,NY,BUF,USMS IGA,14,18,17,8,6,2,2,1,2,5,10,YES,COUNTY,COUNTY (SHERIFF),Over 72,NDS,Regular,Pending,Acceptable,9/28/17,ORSA,Acceptable,7/22/16,,Pending,Acceptable,Acceptable,Acceptable,Acceptable,
PLATTMO,PLATTE COUNTY DETENTION CENTER,PLATTE CITY,MO,CHI,IGSA,AS NEEDED,21,17,5,4,5,3,7,5,1,3,YES,COUNTY,COUNTY (SHERIFF),Over 72,NDS,Regular,Acceptable,Acceptable,12/15/16,Regular,Special Review - Pre-Occupancy,8/25/16,11/14/17,,Acceptable,Acceptable,,,
SHACOKS,SHAWNEE COUNTY DEPARTMENT OF CORRECTIONS,TOPEKA,KS,CHI,IGSA,AS NEEDED,15,16,3,2,5,6,14,1,0,0,YES,CORIZON HEALTH,COUNTY (CORRECTIONS),Over 72,NDS,ORSA,Acceptable,,9/5/17,ORSA,Acceptable,6/21/16,,Acceptable,Acceptable,Acceptable,Acceptable,Acceptable,
CLICONY,CLINTON COUNTY JAIL,PLATTSBURGH,NY,BUF,USMS IGA,13,11,15,12,3,0,0,1,1,2,11,YES,COUNTY,COUNTY (SHERIFF),Over 72,NDS,Regular,Pending,Deficient,6/8/17,ORSA,Acceptable,7/22/16,,Pending,Acceptable,Acceptable,Acceptable,Acceptable,
CASSCNE,CASS COUNTY JAIL,PLATTSMOUTH,NE,SPM,USMS IGA,50,11,12,0,1,7,4,10,2,0,0,YES,COUNTY,COUNTY (SHERIFF),Over 72,NDS,ORSA,Acceptable,,9/21/17,ORSA,Acceptable,8/29/16,,Acceptable,Acceptable,Acceptable,,Acceptable,
CHRISMO,CHRISTIAN COUNTY JAIL,OZARK,MO,CHI,IGSA,AS NEEDED,13,11,2,2,5,2,8,4,0,0,YES,COUNTY,COUNTY (SHERIFF),Over 72,NDS,Regular,Pending,Deficient,7/13/17,ORSA,Acceptable,7/27/15,,Pending,,Acceptable,,Acceptable,
STTAMLA,SAINT TAMMANY PARISH JAIL,COVINGTON,LA,NOL,IGSA,AS NEEDED,8,11,1,5,5,1,3,8,0,0,YES,COUNTY,COUNTY (SHERIFF),Under 72,NDS,ORSA,Acceptable,,10/2/17,ORSA,Acceptable,6/28/16,,Acceptable,Acceptable,Acceptable,Acceptable,Acceptable,Acceptable
LINNJIA,LINN COUNTY JAIL,CEDAR RAPIDS,IA,SPM,USMS IGA,25,6,10,2,3,1,3,7,3,0,0,YES,COUNTY,COUNTY (SHERIFF),Over 72,NDS,Regular,Acceptable,Acceptable,5/7/15,Regular,Acceptable,5/16/13,10/31/17,,,Acceptable,,Acceptable,
POTTAIA,POTTAWATTAMIE COUNTY JAIL,COUNCIL BLUFFS,IA,SPM,USMS IGA,10,8,10,0,3,4,3,10,0,0,0,YES,COUNTY,COUNTY (SHERIFF),Over 72,NDS,Regular,Acceptable,Acceptable,4/13/17,ORSA,Acceptable,8/11/16,,Acceptable,Acceptable,,Acceptable,,Acceptable
BEAVRPA,BEAVER COUNTY JAIL,ALIQUIPPA,PA,PHI,USMS IGA,AS NEEDED,6,9,2,3,2,2,6,3,0,0,YES,SOUTHERN HEALTH PARTNERS,COUNTY (SHERIFF),Over 72,NDS,ORSA,Acceptable,,9/18/17,N/A,,,,Acceptable,,,,,
ORANGFL,ORANGE COUNTY JAIL,ORLANDO,FL,MIA,USMS IGA,5,1,9,2,1,3,2,6,3,0,0,YES,COUNTY,COUNTY,Under 72,NDS,ORSA,Acceptable,,10/11/17,ORSA,Acceptable,7/29/16,,Acceptable,Acceptable,Acceptable,Acceptable,Acceptable,
WAKECNC,WAKE COUNTY SHERIFF DEPARTMENT,RALEIGH,NC,ATL,IGSA,AS NEEDED,8,9,4,1,2,2,7,2,0,0,YES,COUNTY,COUNTY (SHERIFF),Under 72,NDS,ORSA,Acceptable,,9/15/17,ORSA,Acceptable,9/16/16,,Acceptable,Acceptable,Acceptable,Acceptable,Acceptable,
DALCOTX,DALLAS COUNTY JAIL - LEW STERRETT JUSTICE CENTER,DALLAS,TX,DAL,USMS IGA,AS NEEDED,0,9,9,0,0,0,5,3,0,0,,,COUNTY,Under 72,NDS,ORSA,Acceptable,,10/20/17,N/A,,,,Acceptable,,,,,
ELMORID,ELMORE COUNTY JAIL,MOUNTAIN HOME,ID,SLC,USMS IGA,15,10,9,1,3,2,2,7,2,0,0,YES,COUNTY,COUNTY (SHERIFF),Over 72,NDS,ORSA,Acceptable,,9/5/17,ORSA,Acceptable,7/29/16,,Acceptable,Acceptable,Acceptable,Acceptable,Acceptable,
DAVIDTN,DAVIDSON COUNTY SHERIFF,NASHVILLE,TN,NOL,IGSA,AS NEEDED,3,8,1,3,3,1,5,3,0,0,YES,COUNTY,COUNTY (SHERIFF),Over 72,NDS,ORSA,Acceptable,,8/29/17,ORSA,Acceptable,8/31/16,,Acceptable,Acceptable,Acceptable,Acceptable,Acceptable,
JEFFEID,JEFFERSON COUNTY JAIL,RIGBY,ID,SLC,IGSA,AS NEEDED,13,8,3,1,3,2,5,3,0,0,YES,COUNTY,COUNTY,Over 72,NDS,ORSA,Acceptable,,9/5/17,ORSA,Acceptable,7/29/16,,Acceptable,Acceptable,Acceptable,Acceptable,Acceptable,
ALLEGNY,ALLEGANY COUNTY JAIL,BELMONT,NY,BUF,IGSA,AS NEEDED,7,8,5,2,0,1,0,0,3,6,YES,COUNTY,COUNTY (SHERIFF),Over 72,NDS,Regular,Acceptable,Acceptable,2/9/17,ORSA,Acceptable,6/16/16,,Acceptable,Acceptable,Acceptable,Acceptable,Acceptable,
COLLIFL,COLLIER COUNTY NAPLES JAIL CENTER,NAPLES,FL,MIA,IGSA,AS NEEDED,5,8,4,2,2,0,5,2,0,0,YES,COUNTY,COUNTY (SHERIFF),Over 72,NDS,ORSA,Acceptable,,10/11/17,ORSA,Acceptable,7/22/16,,Acceptable,Acceptable,Acceptable,Acceptable,Acceptable,
BUTLEKS,BUTLER COUNTY JAIL,EL DORADO,KS,CHI,USMS IGA,25,8,8,0,4,1,2,3,2,2,0,YES,ADVANCED CORRECTIONAL HEALTHCARE,COUNTY (SHERIFF),Over 72,NDS,ORSA,Acceptable,,9/5/17,ORSA,Acceptable,6/21/16,,Acceptable,Acceptable,Acceptable,Acceptable,Acceptable,
COBBJGA,COBB COUNTY JAIL,MARIETTA,GA,ATL,IGSA,AS NEEDED,0,7,0,4,3,0,4,2,0,0,YES,WELLSTAR,COUNTY (SHERIFF),Under 72,NDS,ORSA,Acceptable,,9/15/17,ORSA,Acceptable,9/16/16,,Acceptable,Acceptable,Acceptable,Acceptable,Acceptable,
WVSCENT,SOUTH CENTRAL REGIONAL JAIL,CHARLESTON,WV,PHI,USMS IGA,5,5,7,0,1,4,1,4,3,0,0,YES,PRIMECARE MEDICAL INC.,COUNTY (CORRECTIONS),Over 72,NDS,ORSA,Acceptable,,9/18/17,ORSA,Acceptable,8/19/16,,Acceptable,Acceptable,Acceptable,Acceptable,Acceptable,
BEDCITX,BEDFORD MUNICIPAL DETENTION CENTER,BEDFORD,TX,DAL,IGSA,AS NEEDED,0,7,5,1,0,0,3,3,0,0,NO,CITY,CITY,Under 72,NDS,ORSA,Acceptable,,10/11/17,ORSA,Acceptable,7/29/16,,Acceptable,Acceptable,Acceptable,Acceptable,Acceptable,
LINCOMO,LINCOLN COUNTY DETENTION CENTER,TROY,MO,CHI,IGSA,AS NEEDED,6,6,0,0,3,3,5,1,0,0,YES,COUNTY,COUNTY (SHERIFF),Over 72,NDS,ORSA,Acceptable,,9/5/17,Regular,Acceptable,6/16/16,,Acceptable,Acceptable,,Acceptable,Acceptable,
EULESTX,EULESS CITY JAIL,EULESS,TX,DAL,IGSA,AS NEEDED,0,6,5,1,0,1,3,2,0,0,NO,CITY,CITY,Under 72,NDS,ORSA,Acceptable,,10/11/17,ORSA,Acceptable,8/31/16,,Acceptable,Acceptable,Acceptable,Acceptable,Acceptable,
PHELPNE,PHELPS COUNTY JAIL,HOLDREGE,NE,SPM,USMS IGA,20,8,6,1,2,3,1,4,2,0,0,YES,COUNTY,COUNTY (SHERIFF),Over 72,NDS,ORSA,Acceptable,,9/21/17,ORSA,Acceptable,9/1/16,,Acceptable,Acceptable,Acceptable,,Acceptable,
VALVETX,VAL VERDE CORRECTIONAL FACILITY,DEL RIO,TX,SNA,USMS IGA,AS NEEDED,1,6,5,1,0,0,4,1,1,0,YES,GEO,GEO,Under 72,NDS,ORSA,Acceptable,,9/13/17,ORSA,Acceptable,8/31/16,,Acceptable,Acceptable,Acceptable,Acceptable,,
YIKIMWA,YAKIMA COUNTY DEPARTMENT OF CORRECTIONS,YAKIMA,WA,SEA,USMS IGA,AS NEEDED,2,6,2,1,2,1,4,2,0,0,YES,CONMED,COUNTY (CORRECTIONS),Under 72,NDS,ORSA,Acceptable,,10/2/17,ORSA,Acceptable,7/20/16,,Acceptable,Acceptable,Acceptable,Acceptable,Acceptable,
MINICID,MINICASSIA DETENTION CENTER,BURLEY,ID,SLC,IGSA,AS NEEDED,3,6,0,1,4,0,5,0,0,0,YES,COUNTY,COUNTY (SHERIFF),Over 72,NDS,ORSA,Acceptable,,9/5/17,ORSA,Acceptable,8/5/16,,Acceptable,Acceptable,Acceptable,Acceptable,Acceptable,
TNWESDF,WESTERN TENNESSEE DETENTION FACILITY,MASON,TN,NOL,USMS IGA,20,6,5,2,2,2,0,2,3,0,0,YES,COUNTY,CCA,Over 72,PBNDS 2008,Regular,Meets Standard,Meets Standard,1/26/17,Regular,Special Review - Pre-Occupancy,10/7/16,,Meets Standard,Special Review - Pre-Occupancy,Meets Standard,Acceptable,Acceptable,Acceptable
DEAPDMI,DEARBORN POLICE DEPARTMENT,DEARBORN,MI,DET,IGSA,8,4,5,3,1,0,0,1,2,0,1,YES,CITY,CITY,Under 72,NDS,ORSA,Acceptable,,7/18/17,ORSA,Acceptable,8/4/16,,Acceptable,Acceptable,Acceptable,Acceptable,Acceptable,
BALDWAL,BALDWIN COUNTY CORRECTIONAL CENTER,BAY MINETTE,AL,NOL,IGSA,AS NEEDED,1,4,0,2,1,1,2,2,0,0,YES,COUNTY,COUNTY (SHERIFF),Under 72,NDS,ORSA,Acceptable,,8/29/17,ORSA,Acceptable,7/28/16,,Acceptable,Acceptable,Acceptable,Acceptable,Acceptable,
CHACONY,CHAUTAUQUA COUNTY JAIL,MAYVILLE,NY,BUF,IGSA,AS NEEDED,2,4,3,1,0,0,0,0,1,3,YES,COUNTY,COUNTY (SHERIFF),Over 72,NDS,ORSA,Acceptable,,8/10/17,ORSA,Acceptable,6/16/16,,Acceptable,Acceptable,Acceptable,Acceptable,Acceptable,
WASHCUT,WASHINGTON COUNTY JAIL (PURGATORY CORRECTIONAL FAC,HURRICANE,UT,SLC,USMS IGA,6,5,4,1,1,2,0,3,0,0,0,YES,COUNTY,COUNTY (SHERIFF),Over 72,NDS,ORSA,Acceptable,,8/31/17,ORSA,Acceptable,8/16/16,,Acceptable,Acceptable,Acceptable,Acceptable,,Acceptable
MECKLNC,MECKLENBURG COUNTY DETENTION CENTER NORTH,CHARLOTTE,NC,ATL,USMS IGA,AS NEEDED,5,4,0,2,1,0,1,2,0,0,YES,CORRECT CARE SOLUTIONS,COUNTY (SHERIFF),Under 72,NDS,ORSA,Acceptable,,9/15/17,ORSA,Acceptable,9/16/16,,Acceptable,Acceptable,Acceptable,Acceptable,Acceptable,
SEBASAR,SEBASTIAN COUNTY DETENTION CENTER,FORT SMITH,AR,NOL,USMS IGA,20,3,3,1,0,1,1,2,1,0,0,YES,COUNTY,COUNTY (SHERIFF),Under 72,NDS,ORSA,Acceptable,,8/29/17,ORSA,Acceptable,6/25/16,,Acceptable,Acceptable,Acceptable,Acceptable,Acceptable,
RNDLLTX,RANDALL COUNTY JAIL,AMARILLO,TX,DAL,USMS IGA,40,1,3,2,1,0,0,2,1,0,0,NO,COUNTY,COUNTY (SHERIFF),Under 72,NDS,ORSA,Acceptable,,10/11/17,ORSA,Acceptable,7/1/16,,Acceptable,Acceptable,Acceptable,Acceptable,Acceptable,
PINELFL,PINELLAS COUNTY JAIL,CLEARWATER,FL,MIA,USMS IGA,5,2,3,0,1,2,0,2,1,0,0,YES,COUNTY,COUNTY (SHERIFF),Under 72,NDS,ORSA,Acceptable,,10/11/17,ORSA,Acceptable,7/15/16,,Acceptable,Acceptable,Acceptable,Acceptable,Acceptable,
CUMBEME,CUMBERLAND COUNTY JAIL,PORTLAND,ME,BOS,USMS IGA,70,5,3,0,2,1,0,1,2,0,0,YES,COUNTY,COUNTY (SHERIFF),Over 72,NDS,ORSA,Acceptable,,8/22/17,ORSA,Acceptable,8/31/16,,Acceptable,Acceptable,Acceptable,Acceptable,Acceptable,
WHITFGA,WHITFIELD COUNTY JAIL,DALTON,GA,ATL,IGSA,AS NEEDED,0,3,1,2,0,0,1,1,0,0,YES,CORRECTMED,COUNTY (SHERIFF),Under 72,NDS,ORSA,Acceptable,,9/15/17,ORSA,Acceptable,9/16/16,,Acceptable,Acceptable,Acceptable,Acceptable,Acceptable,
RAADCMN,RAMSEY COUNTY ADULT DETENTION CENTER,ST. PAUL,MN,SPM,USMS IGA,15,2,2,0,0,2,0,1,1,1,0,YES,COUNTY,COUNTY (SHERIFF),Over 72,NDS,Regular,Acceptable,Acceptable,9/14/17,ORSA,Acceptable,9/30/16,,Acceptable,Acceptable,,Acceptable,,Acceptable
JOSEPOR,JOSEPHINE COUNTY JAIL,GRANTS PASS,OR,SEA,USMS IGA,31,0,2,0,0,1,1,2,0,0,0,YES,CONMED,COUNTY (SHERIFF),Over 72,NDS,ORSA,Acceptable,,9/14/17,ORSA,Acceptable,9/6/16,,Acceptable,Acceptable,Acceptable,Acceptable,Acceptable,
DAKOTNE,DAKOTA COUNTY JAIL,DAKOTA CITY,NE,SPM,USMS IGA,20,2,2,0,1,1,0,1,1,0,0,YES,COUNTY,COUNTY (SHERIFF),Under 72,NDS,ORSA,Acceptable,,9/21/17,ORSA,Acceptable,8/11/16,,Acceptable,Acceptable,Acceptable,Acceptable,Acceptable,
HALLJGA,HALL COUNTY JAIL,GAINESVILLE,GA,ATL,USMS IGA,AS NEEDED,1,2,1,1,0,0,2,0,0,0,YES,COMPREHENSIVE NURSING,COUNTY (SHERIFF),Under 72,NDS,ORSA,Acceptable,,9/15/17,ORSA,Acceptable,9/16/16,,Acceptable,Acceptable,Acceptable,Acceptable,Acceptable,
CASCAMT,CASCADE COUNTY JAIL (MONTANA),GREAT FALLS,MT,SLC,USMS IGA,35,1,2,1,0,0,0,1,0,0,1,YES,COUNTY,COUNTY (SHERIFF),Over 72,NDS,ORSA,Acceptable,,9/5/17,ORSA,Acceptable,6/22/16,,Acceptable,Acceptable,Acceptable,Acceptable,Acceptable,
YANCOSD,YANKTON COUNTY JAIL,YANKTON,SD,SPM,USMS IGA,AS NEEDED,0,2,0,0,0,1,1,1,0,0,,,COUNTY,Under 72,NDS,ORSA,Acceptable,,9/21/17,Regular,Special Review - Pre-Occupancy,12/21/16,,Acceptable,Special Review - Pre-Occupancy,,,,
PENNISD,PENNINGTON COUNTY JAIL (SOUTH DAKOTA),RAPID CITY,SD,SPM,USMS IGA,5,0,2,0,0,1,0,1,1,0,0,YES,COUNTY,COUNTY (SHERIFF),Over 72,NDS,ORSA,Acceptable,,9/21/17,ORSA,Acceptable,8/25/16,,Acceptable,Acceptable,Acceptable,Acceptable,Acceptable,
DELAWPA,DELAWARE CO JAIL (GEORGE W. HILL),THORNTON,PA,PHI,USMS IGA,AS NEEDED,0,2,1,0,0,1,1,1,0,0,YES,COUNTY,COUNTY,Under 72,NDS,ORSA,Acceptable,,8/17/17,Regular,Special Review - Pre-Occupancy,6/30/16,,Acceptable,Special Review - Pre-Occupancy,Acceptable,,,
ERICOPA,ERIE COUNTY JAIL,ERIE,PA,PHI,USMS IGA,5,2,2,0,0,1,0,1,0,0,0,YES,"WEXFORD HEALTH SOURSES, INC.",COUNTY (CORRECTIONS),Over 72,NDS,ORSA,Acceptable,,8/14/17,ORSA,Acceptable,7/15/16,,Acceptable,Acceptable,Acceptable,Acceptable,Acceptable,
RONKEVA,ROANOKE CITY JAIL,ROANOKE,VA,WAS,IGSA,AS NEEDED,1,2,1,0,1,0,1,0,0,0,YES,CONMED,CITY,Over 72,NDS,ORSA,Acceptable,,9/27/17,ORSA,Acceptable,9/9/16,,Acceptable,Acceptable,,Acceptable,,
GRAYSKY,GRAYSON COUNTY JAIL,LEITCHFIELD,KY,CHI,USMS IGA,10,1,2,0,0,1,0,1,1,0,0,YES,COUNTY,COUNTY (JAILER),Under 72,NDS,ORSA,Acceptable,,9/5/17,ORSA,Acceptable,6/21/16,,Acceptable,Acceptable,Acceptable,Acceptable,Acceptable,
LONPDAR,LONOKE POLICE DEPARTMENT,LONOKE,AR,NOL,IGSA,AS NEEDED,1,2,0,1,1,0,1,0,0,0,NO,COUNTY,CITY,Under 72,NDS,ORSA,Acceptable,,8/29/17,ORSA,Acceptable,7/12/16,,Acceptable,Acceptable,Acceptable,Acceptable,Acceptable,
JHRWLTX,JACK HARWELL DETENTION CENTER,WACO,TX,SNA,USMS IGA,200,0,2,0,1,1,0,1,0,0,0,YES,CEC,CEC,Over 72,NDS,ORSA,Acceptable,,9/13/17,ORSA,Acceptable,8/10/16,,Acceptable,Acceptable,Acceptable,Acceptable,,
TOOELUT,TOOELE COUNTY JAIL,TOOELE,UT,SLC,USMS IGA,AS NEEDED,2,1,0,0,1,0,1,0,0,0,,,COUNTY,Under 72,NDS,ORSA,Acceptable,,10/20/17,ORSA,Acceptable,10/19/15,,Acceptable,,Acceptable,,,
ROCKIVA,ROCKINGHAM COUNTY JAIL,HARRISONBURG,VA,WAS,USMS IGA,AS NEEDED,1,1,0,1,0,0,1,1,0,0,YES,COUNTY,COUNTY (SHERIFF),Under 72,NDS,ORSA,Acceptable,,9/27/17,ORSA,Acceptable,9/2/16,,Acceptable,Acceptable,Acceptable,,,
NWHNVNC,NEW HANOVER COUNTY JAIL,CASTLE HAYNE,NC,ATL,IGSA,AS NEEDED,0,1,0,0,0,0,1,0,0,0,YES,COUNTY,COUNTY (SHERIFF),Under 72,NDS,ORSA,Acceptable,,9/15/17,ORSA,Acceptable,9/16/16,,Acceptable,Acceptable,Acceptable,Acceptable,Acceptable,Acceptable
OLDHAKY,OLDHAM COUNTY JAIL,LA GRANGE,KY,CHI,IGSA,AS NEEDED,0,1,0,1,0,0,1,1,0,0,YES,COUNTY,COUNTY (JAILER),Over 72,NDS,ORSA,Acceptable,,9/5/17,ORSA,Acceptable,6/30/16,,Acceptable,Acceptable,,,,
FORSYNC,FORSYTH COUNTY JAIL,WINSTON-SALEM,NC,ATL,USMS IGA,AS NEEDED,3,1,0,0,0,0,1,0,0,0,YES,CORRECT CARE SOLUTIONS,COUNTY (SHERIFF),Under 72,NDS,ORSA,Acceptable,,9/15/17,ORSA,Acceptable,9/16/16,,Acceptable,Acceptable,Acceptable,Acceptable,Acceptable,
ROCKIIL,ROCK ISLAND COUNTY CORRECTIONAL CENTER,ROCK ISLAND,IL,CHI,USMS IGA,20,0,1,0,0,1,0,1,0,0,0,YES,COUNTY,COUNTY (SHERIFF),Under 72,NDS,ORSA,Acceptable,,9/5/17,ORSA,Acceptable,8/19/16,,Acceptable,Acceptable,Acceptable,Acceptable,Acceptable,
LEXINSC,LEXINGTON COUNTY JAIL,LEXINGTON,SC,ATL,USMS IGA,28,0,1,0,0,0,0,1,0,0,0,YES,CORRECT CARE SOLUTIONS,COUNTY (SHERIFF),Under 72,NDS,ORSA,Acceptable,,9/15/17,ORSA,Acceptable,9/16/16,,Acceptable,Acceptable,Acceptable,Acceptable,Acceptable,
MNTGMAL,MONTGOMERY CITY JAIL,MONTGOMERY,AL,NOL,IGSA,AS NEEDED,0,1,0,1,0,0,1,1,0,0,NO,COUNTY,CITY,Over 72,NDS,ORSA,Acceptable,,9/13/17,ORSA,Acceptable,7/7/16,,Acceptable,Acceptable,Acceptable,Acceptable,,
FAYETKY,FAYETTE COUNTY DETENTION CENTER,LEXINGTON,KY,CHI,USMS IGA,AS NEEDED,0,1,0,1,0,0,1,0,0,0,YES,COUNTY,COUNTY,Under 72,NDS,ORSA,Acceptable,,9/5/17,ORSA,Acceptable,7/8/16,,Acceptable,Acceptable,,,,
MARIOIN,MARION COUNTY JAIL,INDIANAPOLIS,IN,CHI,USMS IGA,5,1,1,0,0,1,0,1,0,0,0,YES,COUNTY,COUNTY (SHERIFF),Under 72,NDS,ORSA,Acceptable,,9/5/17,ORSA,Acceptable,6/30/16,,Acceptable,Acceptable,Acceptable,Acceptable,Acceptable,
ALEXAVA,ALEXANDRIA CITY JAIL,ALEXANDRIA,VA,WAS,USMS IGA,AS NEEDED,0,1,0,0,0,0,0,1,0,0,YES,CONMED,CITY,Under 72,NDS,ORSA,Acceptable,,9/27/17,ORSA,Acceptable,9/26/16,,Acceptable,Acceptable,,,,
BURNETX,BURNET COUNTY JAIL,BURNET,TX,SNA,IGSA,AS NEEDED,0,1,0,1,0,0,1,0,0,0,NO,COUNTY,COUNTY (SHERIFF),Under 72,NDS,ORSA,Acceptable,,9/13/17,ORSA,Acceptable,8/22/16,,Acceptable,Acceptable,Acceptable,Acceptable,Acceptable,
ANCHOAK,ANCHORAGE CORRECTIONAL COMPLEX,ANCHORAGE,AK,SEA,USMS IGA,AS NEEDED,1,1,0,1,0,0,1,0,0,0,YES,STATE,COUNTY (CORRECTIONS),Over 72,NDS,ORSA,Acceptable,,9/8/17,ORSA,Acceptable,6/9/16,,Acceptable,Acceptable,Acceptable,Acceptable,Acceptable,
MILLRAR,MILLER COUNTY JAIL,TEXARKANA,AR,NOL,USMS IGA,13,0,1,0,1,0,0,0,1,0,0,YES,COUNTY,COUNTY (SHERIFF),Under 72,NDS,ORSA,Acceptable,,9/21/17,ORSA,Acceptable,7/7/16,,Acceptable,Acceptable,Acceptable,Acceptable,Acceptable,
OCIRCCA,ORANGE COUNTY INTAKE RELEASE FACILITY,SANTA ANA,CA,LOS,IGSA,AS NEEDED,2,1,0,0,0,0,1,0,0,0,YES,OCSD,COUNTY (SHERIFF),Under 72,NDS,ORSA,Acceptable,,9/1/17,ORSA,Acceptable,9/29/16,,Acceptable,Acceptable,Acceptable,Acceptable,Acceptable,Acceptable
CBENDTX,COASTAL BEND DETENTION FACILITY,ROBSTOWN,TX,HOU,USMS IGA,700,3,1,0,0,0,0,0,1,0,0,YES,PNA MEDICAL SERVICES,GEO,Over 72,PBNDS 2008,Regular,Meets Standard,Meets Standard,1/26/17,Regular,Special Review - Pre-Occupancy,10/7/16,,Meets Standard,Special Review - Pre-Occupancy,,Meets Standard,Meets Standard,Meets Standard
MOFFECO,MOFFAT COUNTY JAIL,CRAIG,CO,DEN,IGSA,AS NEEDED,1,1,0,0,0,0,0,0,0,0,NO,COUNTY,COUNTY (SHERIFF),Under 72,NDS,ORSA,Acceptable,,9/8/17,ORSA,Acceptable,8/4/16,,Acceptable,Acceptable,Acceptable,Acceptable,Acceptable,
SLSLCUT,SALT LAKE COUNTY METRO JAIL,SALT LAKE CITY,UT,SLC,USMS IGA,1,0,1,0,0,0,0,1,0,0,0,YES,COUNTY,COUNTY (SHERIFF),Under 72,NDS,ORSA,Acceptable,,11/2/17,Regular,Acceptable,1/5/11,,Acceptable,,,,,
FXADCVA,FAIRFAX COUNTY ADULT DETENTION CENTER,FAIRFAX,VA,WAS,IGSA,AS NEEDED,0,1,0,0,0,0,0,0,0,0,,,COUNTY,Under 72,NDS,ORSA,Acceptable,,9/27/17,N/A,,,,Acceptable,,,,,
ELPASCO,EL PASO COUNTY CRIMINAL JUSTICE CENTER,COLORADO SPRINGS,CO,DEN,IGSA,AS NEEDED,0,1,0,0,0,0,0,0,0,0,YES,COUNTY,COUNTY (SHERIFF),Over 72,NDS,ORSA,Acceptable,,9/8/17,Regular,Acceptable,5/14/15,,Acceptable,,Acceptable,Acceptable,Acceptable,Acceptable
PLATTWY,PLATTE COUNTY JAIL,WHEATLAND,WY,DEN,USMS IGA,AS NEEDED,3,1,0,0,0,0,0,0,0,0,NO,,COUNTY (SHERIFF),Under 72,NDS,ORSA,Acceptable,,9/8/17,ORSA,Acceptable,7/11/14,,Acceptable,,,Acceptable,Acceptable,
LAPAZAZ,LA PAZ COUNTY ADULT DETENTION FACILITY,PARKER,AZ,PHO,USMS IGA,AS NEEDED,0,1,0,0,0,0,1,0,0,0,YES,COUNTY,COUNTY (SHERIFF),Under 72,NDS,ORSA,Acceptable,,9/8/17,ORSA,Acceptable,7/8/16,,Acceptable,Acceptable,Acceptable,Acceptable,Acceptable,
NATROWY,NATRONA COUNTY JAIL,CASPER,WY,DEN,USMS IGA,AS NEEDED,0,1,0,0,0,0,0,0,0,0,NO,COUNTY,COUNTY (SHERIFF),Under 72,NDS,ORSA,Acceptable,,9/8/17,ORSA,Acceptable,7/1/16,,Acceptable,Acceptable,,Acceptable,Acceptable,
LUBBOTX,LUBBOCK COUNTY DETENTION CENTER,LUBBOCK,TX,DAL,USMS IGA,15,0,0,0,0,0,0,0,0,0,0,NO,CORRECT CARE SOLUTIONS,COUNTY (SHERIFF),Under 72,NDS,ORSA,Acceptable,,10/20/17,ORSA,Acceptable,7/29/16,,Acceptable,Acceptable,Acceptable,Acceptable,Acceptable,
RIOGRCO,RIO GRANDE COUNTY JAIL,DEL NORTE,CO,DEN,IGSA,AS NEEDED,0,0,0,0,0,0,0,0,0,0,,,COUNTY,Under 72,NDS,ORSA,Acceptable,,6/2/17,Regular,Special Review - Pre-Occupancy,4/14/16,,Acceptable,Special Review - Pre-Occupancy,,,,
KENTCMI,KENT COUNTY JAIL,GRAND RAPIDS,MI,DET,IGSA,AS NEEDED,0,0,0,0,0,0,0,0,0,0,YES,COUNTY,COUNTY (SHERIFF),Under 72,NDS,ORSA,Acceptable,,9/5/17,ORSA,Acceptable,8/31/16,,Acceptable,Acceptable,Acceptable,Acceptable,Acceptable,Special Review - Pre-Occupancy
CBRRSNC,CABARRUS COUNTY JAIL,CONCORD,NC,ATL,IGSA,AS NEEDED,0,0,0,0,0,0,0,0,0,0,YES,SOUTHERN HEALTH PARTNERS,COUNTY (SHERIFF),Under 72,NDS,ORSA,Acceptable,,9/15/17,ORSA,Acceptable,9/16/16,,Acceptable,Acceptable,Acceptable,Acceptable,Acceptable,
LAPLACO,LA PLATA COUNTY JAIL,DURANGO,CO,DEN,USMS IGA,50,0,0,0,0,0,0,0,0,0,0,NO,,COUNTY (SHERIFF),Under 72,NDS,ORSA,Acceptable,,9/8/17,ORSA,Acceptable,8/14/15,,Acceptable,,Acceptable,Acceptable,Acceptable,
VTSTALB,NORTHWEST STATE CORRECTIONAL CENTER,SWANTON,VT,BOS,USMS IGA,AS NEEDED,0,0,0,0,0,0,0,0,0,0,YES,CENTURION,COUNTY (CORRECTIONS),Under 72,NDS,ORSA,Acceptable,,8/22/17,ORSA,Acceptable,8/22/16,,Acceptable,Acceptable,Acceptable,Acceptable,,
GASTNNC,GASTON COUNTY JAIL,GASTONIA,NC,ATL,IGSA,AS NEEDED,0,0,0,0,0,0,0,0,0,0,YES,CAROLINA CORRECTIONAL HEALTH,COUNTY (SHERIFF),Under 72,NDS,ORSA,Acceptable,,9/15/17,ORSA,Acceptable,9/16/16,,Acceptable,Acceptable,Acceptable,Acceptable,Acceptable,
HAILEID,DALE G. HAILE DETENTION CENTER,CALDWELL,ID,SLC,IGSA,AS NEEDED,0,0,0,0,0,0,0,0,0,0,YES,COUNTY,COUNTY (SHERIFF),Over 72,NDS,ORSA,Acceptable,,9/5/17,ORSA,Acceptable,8/4/16,,Acceptable,Acceptable,,Acceptable,Acceptable,
WACLATX,CENTRAL TEXAS DETENTION FACILITY,SAN ANTONIO,TX,SNA,USMS IGA,AS NEEDED,0,0,0,0,0,0,0,0,0,0,YES,GEO,GEO,Under 72,NDS,ORSA,Acceptable,,9/15/17,ORSA,Acceptable,6/12/16,,Acceptable,Acceptable,Acceptable,,Acceptable,
TGREETX,TOM GREEN COUNTY JAIL,SAN ANGELO,TX,DAL,USMS IGA,AS NEEDED,0,0,0,0,0,0,0,0,0,0,,,COUNTY,Under 72,NDS,Regular,Superior,Acceptable,7/17/08,Regular,Superior,7/27/07,,,,,,,
SANJAIL,SANGAMON COUNTY JAIL,SPRINGFIELD,IL,CHI,USMS IGA,10,0,0,0,0,0,0,0,0,0,0,YES,COUNTY,COUNTY (SHERIFF),Under 72,NDS,ORSA,Acceptable,,9/5/17,ORSA,Acceptable,6/21/16,,Acceptable,Acceptable,Acceptable,Acceptable,Acceptable,
TITUSTX,TITUS COUNTY JAIL,MT. PLEASANT,TX,DAL,USMS IGA,10,0,0,0,0,0,0,0,0,0,0,YES,LOCAL,COUNTY (SHERIFF),Under 72,NDS,ORSA,Acceptable,,8/8/16,ORSA,Acceptable,8/12/15,,,Acceptable,Acceptable,,,
GLEPDCA,GLENDALE POLICE DEPARTMENT,GLENDALE,CA,LOS,IGSA,AS NEEDED,0,0,0,0,0,0,0,0,0,0,YES,COUNTY,CITY,Under 72,NDS,ORSA,Acceptable,,9/1/17,ORSA,Acceptable,9/23/16,,Acceptable,Acceptable,Acceptable,Acceptable,Acceptable,
BREMEIA,BREMER COUNTY JAIL,WAVERLY,IA,SPM,USMS IGA,AS NEEDED,0,0,0,0,0,0,0,0,0,0,,,,Under 72,NDS,ORSA,Acceptable,,9/21/17,Regular,Special Review - Pre-Occupancy,12/14/16,,Acceptable,Special Review - Pre-Occupancy,,,,
PWILLVA,PRINCE WILLIAM COUNTY CORRECTIONAL FACILITY,MANASSAS,VA,WAS,USMS IGA,AS NEEDED,0,0,0,0,0,0,0,0,0,0,YES,RAPPAHANNOCK CREATIVE HEALTH,COUNTY (CORRECTIONS),Under 72,NDS,ORSA,Acceptable,,9/27/17,ORSA,Acceptable,9/22/16,,Acceptable,Acceptable,,Acceptable,Acceptable,
GARVIOK,GARVIN COUNTY DETENTION CENTER,PAULS VALLEY,OK,DAL,IGSA,AS NEEDED,0,0,0,0,0,0,0,0,0,0,NO,COUNTY,COUNTY (SHERIFF),Under 72,NDS,ORSA,Acceptable,,10/11/17,ORSA,Acceptable,7/15/16,,Acceptable,Acceptable,Acceptable,Acceptable,Acceptable,
YAVCVAZ,YAVAPAI COUNTY DETENTION CENTER,CAMP VERDE,AZ,PHO,IGSA,AS NEEDED,0,0,0,0,0,0,0,0,0,0,YES,COUNTY,COUNTY (SHERIFF),Under 72,NDS,ORSA,Acceptable,,9/8/17,ORSA,Acceptable,7/7/16,,Acceptable,Acceptable,Acceptable,Acceptable,Acceptable,
WVNORTH,NORTHERN REGIONAL JAIL,MOUNDSVILLE,WV,PHI,USMS IGA,5,0,0,0,0,0,0,0,0,0,0,YES,PRIMECARE MEDICAL INC.,COUNTY (CORRECTIONS),Under 72,NDS,ORSA,Acceptable,,8/14/17,ORSA,Acceptable,7/19/16,,Acceptable,Acceptable,Acceptable,Acceptable,,
WAYNENY,WAYNE COUNTY JAIL,LYONS,NY,BUF,USMS IGA,19,0,0,0,0,0,0,0,0,0,0,YES,COUNTY,COUNTY (SHERIFF),Over 72,NDS,ORSA,Acceptable,,7/22/16,ORSA,Acceptable,7/31/15,,,Acceptable,Acceptable,Acceptable,Acceptable,
WASHIAR,WASHINGTON COUNTY DETENTION CENTER,FAYETTEVILLE,AR,NOL,USMS IGA,AS NEEDED,0,0,0,0,0,0,0,0,0,0,,,COUNTY (SHERIFF),Over 72,NDS,Regular,Superior,Deficient,8/18/09,Regular,Superior,8/15/08,,,,,,,
COCONAZ,COCONINO COUNTY DETENTION FACILITY,FLAGSTAFF,AZ,PHO,USMS IGA,AS NEEDED,0,0,0,0,0,0,0,0,0,0,YES,COUNTY,COUNTY (SHERIFF),Under 72,NDS,ORSA,Acceptable,,9/8/17,ORSA,Acceptable,8/31/15,,Acceptable,,Acceptable,Acceptable,Acceptable,
ELGPDIL,ELGIN POLICE DEPARTMENT,ELGIN,IL,CHI,IGSA,AS NEEDED,0,0,0,0,0,0,0,0,0,0,YES,USPHS,CITY,Under 72,NDS,ORSA,Acceptable,,9/5/17,ORSA,Acceptable,7/8/16,,Acceptable,Acceptable,Acceptable,Acceptable,Acceptable,
TOORANM,TORRANCE COUNTY DETENTION FACILITY,ESTANCIA,NM,ELP,USMS IGA,300,0,0,0,0,0,0,0,0,0,0,YES,CCA,CCA,Over 72,NDS,Regular,Acceptable,Acceptable,10/20/16,Regular,Special Review - Pre-Occupancy,4/28/16,,,Acceptable,,,Acceptable,
FAICOVA,FAIRFAX COUNTY JAIL,FAIRFAX,VA,WAS,USMS IGA,AS NEEDED,0,0,0,0,0,0,0,0,0,0,YES,COUNTY,COUNTY (SHERIFF),Under 72,NDS,ORSA,Acceptable,,9/22/16,Regular,Acceptable,9/14/11,,,Acceptable,,,,
SCRUZAZ,SANTA CRUZ COUNTY JAIL,NOGALES,AZ,PHO,USMS IGA,AS NEEDED,0,0,0,0,0,0,0,0,0,0,YES,COUNTY,COUNTY (SHERIFF),Under 72,NDS,ORSA,Acceptable,,9/8/17,ORSA,Acceptable,8/5/16,,Acceptable,Acceptable,Acceptable,Acceptable,Acceptable,
BENTOAR,BENTON COUNTY DETENTION CENTER,BENTONVILLE,AR,NOL,USMS IGA,AS NEEDED,0,0,0,0,0,0,0,0,0,0,,,COUNTY (SHERIFF),Over 72,NDS,Regular,Good,Deficient,2/29/08,Regular,Superior,2/28/07,,,,,,,
NAVSOAZ,NAVAJO COUNTY SHERIFF,HOLBROOK,AZ,PHO,IGSA,AS NEEDED,0,0,0,0,0,0,0,0,0,0,YES,COUNTY,COUNTY (SHERIFF),Under 72,NDS,ORSA,Acceptable,,9/8/17,ORSA,Acceptable,7/11/15,,Acceptable,,Acceptable,Acceptable,Acceptable,
TAYLOTX,TAYLOR COUNTY ADULT DETENTION FACILITY,ABILENE,TX,DAL,IGSA,AS NEEDED,0,0,0,0,0,0,0,0,0,0,NO,,COUNTY,Under 72,NDS,Regular,Good,At-Risk,8/14/08,Regular,Superior,9/13/07,,,,,,,
BERKSPA,BERKS COUNTY PRISON,LEESPORT,PA,PHI,USMS IGA,AS NEEDED,0,0,0,0,0,0,0,0,0,0,,,COUNTY,Over 72,NDS,Regular,Good,Deficient,5/7/09,Regular,Superior,5/8/08,,,,,,,
KRO,KROME NORTH SERVICE PROCESSING CENTER,MIAMI,FL,MIA,SPC,611,0,0,0,0,0,0,0,0,0,0,YES,IHSC,AGS,Over 72,PBNDS 2011,Regular,Meets Standard,Meets Standard,4/6/17,Regular,Meets Standard,3/31/16,,Meets Standard,Meets Standard,Meets Standard,Meets Standard,Meets Standard,Meets Standard
KARNETX,KARNES COUNTY CORRECTIONAL CENTER,KARNES CITY,TX,SNA,USMS IGA,60,0,0,0,0,0,0,0,0,0,0,YES,GEO,GEO,Over 72,NDS,Regular,Acceptable,Acceptable,3/16/17,Regular,Acceptable,3/17/16,,Acceptable,Acceptable,Special Review - Pre-Occupancy,,Acceptable,Acceptable
CCADCAZ,CCA CENTRAL ARIZONA DETENTION CENTER,FLORENCE,AZ,PHO,USMS IGA,230,0,0,0,0,0,0,0,0,0,0,YES,CCA,CCA,Over 72,PBNDS 2008,Regular,Meets Standard,Meets Standard,10/1/15,Regular,Meets Standard,9/25/14,,,,Meets Standard,Meets Standard,Meets Standard,Meets Standard
LSRDCTX,LA SALLE COUNTY REGIONAL DETENTION CENTER,ENCINAL,TX,SNA,USMS IGA,250,0,0,0,0,0,0,0,0,0,0,YES,COUNTY,COUNTY,Over 72,NDS,Regular,Acceptable,Acceptable,9/21/17,Regular,Acceptable,9/22/16,,Acceptable,Acceptable,,Acceptable,Acceptable,
OTROPNM,OTERO COUNTY PRISON FACILITY,CHAPARRAL,NM,ELP,USMS IGA,AS NEEDED,0,0,0,0,0,0,0,0,0,0,YES,M&TC,M&TC,Over 72,NDS,Regular,Acceptable,Acceptable,2/9/17,Regular,Acceptable,11/16/12,,Acceptable,,,,,Acceptable
NORFOMA,NORFOLK COUNTY JAIL,DEDHAM,MA,BOS,USMS IGA,50,0,0,0,0,0,0,0,0,0,0,YES,COUNTY,COUNTY (SHERIFF),Over 72,NDS,ORSA,Acceptable,,9/23/16,ORSA,Acceptable,9/29/15,,,Acceptable,Acceptable,,Acceptable,
TELLECO,TELLER COUNTY JAIL,DIVIDE,CO,DEN,IGSA,AS NEEDED,0,0,0,0,0,0,0,0,0,0,YES,COUNTY,COUNTY (SHERIFF),Over 72,NDS,ORSA,Acceptable,,9/8/17,ORSA,Acceptable,9/1/16,,Acceptable,Acceptable,Acceptable,,Acceptable,